position,link,title,source,date,snippet,thumbnail
1,https://www.hindustantimes.com/real-estate/mumbai-real-estate-news-oberoi-realty-to-redevelop-land-on-carter-road-in-bandra-west-101722331546127.html,Mumbai real estate news: Oberoi Realty to redevelop land on Carter Road in Bandra West,Hindustan Times,5 days ago,"Oberoi Realty has signed a development agreement for development and 
redevelopment of land measuring 2576 sq m at Carter Road in Bandra...",https://serpapi.com/searches/66afb6722ff4215091ad2aa7/images/1627403dc420c62e13077a792fd5d909325502ba07231579293253ff77c9333d.jpeg
2,https://www.constructionworld.in/latest-construction-news/real-estate-news/oberoi-realty-to-develop-land-in-bandra-west-mumbai/59998,"Oberoi Realty to Develop Land in Bandra West, Mumbai",Construction World,2 days ago,"Oberoi Realty, a prominent real estate developer, has announced its plans 
to develop a prime parcel of land measuring 2,576 square metres in...",https://serpapi.com/searches/66afb6722ff4215091ad2aa7/images/1627403dc420c62ed58b70fbf2d0626801aa194c09db851ef5ccea298ea89349.jpeg
3,https://www.mid-day.com/lifestyle/food/article/are-restaurants-in-bandra-west-influencing-the-soaring-real-estate-prices-23365780,Are restaurants in Bandra West influencing the soaring real estate prices?,Mid-day,2 weeks ago,"At a time when Bandra West is booming with restaurants, cafes and bars, 
those from outside are finding it difficult to afford the rent in...",https://serpapi.com/searches/66afb6722ff4215091ad2aa7/images/1627403dc420c62e425a3d906f732efcac990364e475903dcb8a9647f3baaed4.jpeg
4,https://www.moneycontrol.com/news/business/real-estate/raymond-group-announces-1st-project-in-mumbai-real-estate-market-at-bandra-aims-to-rake-in-over-rs-2000-cr-12312131.html,"Raymond Group announces 1st project in Mumbai real estate market at Bandra, aims to rake in over Rs 2,000...",Moneycontrol,"Feb 20, 2024",Raymond Group's first project in the Mumbai real estate market at Bandra...,https://serpapi.com/searches/66afb6722ff4215091ad2aa7/images/1627403dc420c62e422594cf5d7fdb93de5ecca1702584d28d6bb3e7c311142c.jpeg
5,https://www.timesnownews.com/business-economy/real-estate/actress-pooja-hegde-buys-luxury-property-worth-rs-45-crore-in-mumbais-bandra-report-article-109268209,Actress Pooja Hegde Buys Luxury Property Worth Rs 45 Crore In Mumbai's Bandra: Report,Times Now,"Apr 13, 2024","The property is situated in the prestigious Bandra area of Mumbai, Pooja 
Hegde's new abode is nothing short of spectacular.",https://serpapi.com/searches/66afb6722ff4215091ad2aa7/images/1627403dc420c62e625f764d117f7fc6ffcc6be370da3f2a70af3e3a8a33df34.jpeg
6,https://www.freepressjournal.in/mumbai/mumbai-news-bandra-police-arrests-5-real-estate-developers-for-duping-widow-over-flat,Mumbai News: Bandra Police Arrests 5 Real Estate Developers For Duping Widow Over Flat,Free Press Journal,1 month ago,"As per sources, Lachman Sajnani is the father-in-law of actor Sonnalli 
Seygall, Anil Sajnani (also director of Bholenath Developers Ltd) is her...",https://serpapi.com/searches/66afb6722ff4215091ad2aa7/images/1627403dc420c62e03275fb04bc2cf16fdc642ac3f4b06103b7153f1b816adde.jpeg
7,https://media.biltrax.com/rustomjee-group-launches-the-panorama-at-pali-hill-mumbai/,Rustomjee Group Launches ‘The Panorama’ at Pali Hill in Mumbai’s Bandra,Biltrax Media,"May 9, 2024","Mumbai's leading real estate developer, Rustomjee Group , recently 
announced the launch of its new luxury residential project in Bandra's...",https://serpapi.com/searches/66afb6722ff4215091ad2aa7/images/1627403dc420c62ea65b9fb9e35ce812136f204178bcec6e706b31c99f08cf58.jpeg
8,https://infra.economictimes.indiatimes.com/news/urban-infrastructure/mumbai-coastal-road-leads-to-5-15-property-price-rise-in-western-suburbs/108793103,Mumbai Coastal Road leads to 5-15% property price rise in western suburbs,ET Infra,"Mar 26, 2024","Mumbai Coastal Road: According to stakeholders, the project has led to 
5-15% price appreciation in and around the Bandra-Andheri area in...",https://serpapi.com/searches/66afb6722ff4215091ad2aa7/images/1627403dc420c62efc0bb348543c30c3abde5c54346f151576e8b5f79b4a79da.jpeg
9,https://housing.com/news/k-l-rahul-wife-athiya-shetty-buy-property-worth-rs-20-cr-in-bandras-pali-hill/,"KL Rahul, Athiya Shetty buy property worth Rs 20 cr in Bandra",Housing,2 weeks ago,"The couple have paid a stamp duty of Rs 1.2 crore and a registration fees 
of Rs 30000 towards the property.",https://serpapi.com/searches/66afb6722ff4215091ad2aa7/images/1627403dc420c62e4da8e11ab4435a30ef729b43338cc1aca6dc020de87a42bf.jpeg
10,https://www.hindustantimes.com/real-estate/does-redevelopment-of-old-buildings-impact-housing-prices-and-rentals-in-mumbai-101718215378348.html,Does redevelopment of old buildings impact housing prices and rentals in Mumbai?,Hindustan Times,1 month ago,"Despite supply going up post COVID-19, realtors in Mumbai continue to find 
it lucrative to launch redevelopment projects as both prices and...",https://serpapi.com/searches/66afb6722ff4215091ad2aa7/images/1627403dc420c62e223a3070647a0c33d9319181759d01163b06fc2f8cd7e97f.jpeg
1,https://www.moneycontrol.com/news/business/real-estate/mumbai-real-estate-ajmera-realty-rustomjee-group-partner-for-bandra-redevelopment-project-aim-rs-760-crore-gdv-12076111.html,"Mumbai real estate: Ajmera Realty & Rustomjee Group partner for Bandra redevelopment project, aim Rs...",Moneycontrol,"Jan 18, 2024","Mumbai redevelopment news: Both companies will hold a 50 percent stake in 
the project and the project is aimed at delivery of premium luxury...",https://serpapi.com/searches/66afb6745c56060c0bec30c0/images/377ee540d3d24c19708e05bbc36b6f40beeae02e3a116cb5f553e086ffeafe9f.jpeg
2,https://www.hindustantimes.com/real-estate/mumbai-redevelopment-news-raymond-realty-wins-redevelopment-project-in-bandra-with-rs-2-000-crore-revenue-potential-101718018756549.html,"Mumbai redevelopment news: Raymond Realty wins redevelopment project in Bandra with ₹2,000 crore revenue potential",Hindustan Times,1 month ago,"Raymond Realty said it has won a redevelopment project located in Bandra 
East area of Mumbai with an estimated revenue potential of more...",https://serpapi.com/searches/66afb6745c56060c0bec30c0/images/377ee540d3d24c198d83e2cdcc79225cd1b92dee0ee26e945faf04cd04cf1055.png
3,https://www.moneycontrol.com/news/business/real-estate/raymond-shares-hit-all-time-high-after-being-selected-as-preferred-developer-for-bandra-real-estate-project-12744972.html,Raymond shares hit all-time high after being selected as 'preferred developer' for Bandra real estate...,Moneycontrol,1 month ago,"The stock price was trading at Rs 2572, up by 4 percent on June 10 at 14:26 
pm on NSE. The shares had touched an all-time high of Rs 2685,...",https://serpapi.com/searches/66afb6745c56060c0bec30c0/images/377ee540d3d24c1916c25a25bf6ddb0781978852d086d2d7a593a0c2e4d2824f.jpeg
4,https://www.hindustantimes.com/real-estate/anant-ambani-radhika-merchant-wedding-all-that-you-need-to-know-about-the-venue-bandra-kurla-complex-101720757984616.html,"Anant Ambani, Radhika Merchant wedding: All that you need to know about the venue Bandra Kurla Complex",Hindustan Times,3 weeks ago,"Anant Ambani and Radhika Merchant's wedding is taking place at Mumbai's Jio 
World Convention Centre located in the business district Bandra...",https://serpapi.com/searches/66afb6745c56060c0bec30c0/images/377ee540d3d24c19decbfd636054a0b179693a3b189df11a012c9913e037d1c0.jpeg
5,https://www.hindustantimes.com/real-estate/dilip-kumar-s-bungalow-redevelopment-apco-infratech-pvt-ltd-buys-rs-155-crore-sea-view-apartment-in-mumbais-pali-hill-101721891339139.html,Dilip Kumar’s bungalow redevelopment: Apco Infratech Pvt Ltd buys ₹155 crore sea-view apartment in Mumbai's Pali Hill,Hindustan Times,1 week ago,"The triplex apartment in Pali Hill was sold at the rate of ₹1.62 lakh per 
sq ft on total agreement value. The plot earlier housed Dilip...",https://serpapi.com/searches/66afb6745c56060c0bec30c0/images/377ee540d3d24c194a0a40b3e50d6d044a58b9789d085ef8d96e5dfddfb9d8d0.jpeg
6,https://www.hindustantimes.com/entertainment/bollywood/r-madhavan-buys-new-apartment-in-bkc-worth-17-5-crore-check-out-pictures-of-the-property-101721904376597.html,R Madhavan buys new apartment in BKC worth ₹17.5 crore. Check out pictures of the property,Hindustan Times,1 week ago,"R Madhavan has acquired a property which is located in Signia Pearl. It 
provides expansive living spaces and state-of-the-art facilities.",https://serpapi.com/searches/66afb6745c56060c0bec30c0/images/377ee540d3d24c194022c17b36f22273d228293440292428ef9cd7ce2d5987cb.jpeg
7,https://www.hindustantimes.com/real-estate/raymond-realty-launches-housing-project-in-bandra-mumbai-with-a-revenue-potential-of-rs-2-000-cr-101708437980244.html,"Raymond Realty launches project in Bandra with ₹2,000 cr revenue potential",Hindustan Times,"Feb 20, 2024","The housing project by Raymond Realty in Bandra will offer a mix of 2, 3, 
and 4 BHK apartments.",https://serpapi.com/searches/66afb6745c56060c0bec30c0/images/377ee540d3d24c19c957f36644ec0fb32bc03a4943bc0429729d972130ff413d.jpeg
8,https://www.hindustantimes.com/real-estate/office-buildings-in-mumbai-s-bandra-kurla-complex-command-higher-prices-than-manhattan-101710769667301.html,Office buildings in Mumbai’s Bandra Kurla Complex command higher prices than Manhattan,Hindustan Times,"Mar 19, 2024","Uday Kotak's response to the New York office distress deal underscores the 
impact of COVID on the commercial real estate landscape in the US...",https://serpapi.com/searches/66afb6745c56060c0bec30c0/images/377ee540d3d24c192e7d184779c9a56e06eb1d595b59d0d6f9dfab34c6e4817a.jpeg
9,https://www.hindustantimes.com/real-estate/priyanjali-mariwala-buys-apartment-in-bandra-kurla-complex-in-mumbai-for-more-than-65-crore-101720182950220.html,Marico's Priyanjali Mariwala buys luxury apartment in Bandra Kurla Complex in Mumbai for more than 65 crore,Hindustan Times,1 month ago,"Priyanjali Mariwala, who leads the ASCENT Foundation, a not-for-profit firm 
of Harsh Mariwala, chairman of Marico, has bought the flat in...",https://serpapi.com/searches/66afb6745c56060c0bec30c0/images/377ee540d3d24c19be7dc6f3ffd8092f5583a2f7ac74a1c1385f79c0bd82c50f.jpeg
10,https://www.hindustantimes.com/real-estate/tripti-dimri-of-animal-fame-purchases-bungalow-in-mumbais-bandra-for-rs-14-crore-101717762228495.html,Tripti Dimri of Animal fame buys bungalow in Mumbai's Bandra for ₹14 crore,Hindustan Times,"Jun 7, 2024","Bollywood actor Tripti Dimri has bought a ground-plus-two storey bungalow, 
off Carter Road in Bandra west area of Mumbai, for ₹14 crore.",https://serpapi.com/searches/66afb6745c56060c0bec30c0/images/377ee540d3d24c190cb9a62b3711d42a2a79d93b344acea2ed3bba75006c6c09.jpeg
1,https://www.rprealtyplus.com/interviews/bandra-east-a-prudent-investment-opportunity-115151.html,Bandra East A Prudent Investment Opportunity,Realty Plus Magazine,"May 15, 2024","Rakesh Setia, President – Sales & Marketing, Rustomjee Group elaborates on 
Bandra East being a prudent investment opportunity with access to 
affordable luxury.",https://serpapi.com/searches/66afb677a74fe0705f6b0fba/images/85f1cb9a53f08fa0c6364e0ae16e684673928c0f4d3c54f3d1eb48028498db89.jpeg
2,https://www.rprealtyplus.com/news-views/bandra-redevelopment-project-to-boost-raymond-realtys-real-estate-portfolio-115500.html,Bandra Redevelopment Project To Boost Raymond Realty’s Real Estate Portfolio,Realty Plus Magazine,1 month ago,"The real estate division of Raymond has announced its selection as the 
“Preferred Developer” for the redevelopment of MIG VI CHS Ltd, located in 
Bandra East.",https://serpapi.com/searches/66afb677a74fe0705f6b0fba/images/85f1cb9a53f08fa00f9010a812d26319af18c78b9946d2433c0cdbc6454a84ae.jpeg
3,https://housing.com/news/deepika-padukone-home/,Inside Deepika Padukone and Ranveer Singh’s house in Mumbai,Housing,"Feb 29, 2024","Get a glimpse of Ranveer Singh house and Deepika Padukone's house at 
Beaumonde Towers. Know about their new Bandra home worth Rs 119 crore.",https://serpapi.com/searches/66afb677a74fe0705f6b0fba/images/85f1cb9a53f08fa0b5ccb2e0e61b9f228ba795b9f811b1f860cc5016676ee5db.jpeg
4,https://www.hindustantimes.com/real-estate/malaika-arora-rents-apartment-in-mumbai-for-about-rs-1-50-lakh-per-month-for-three-years-101715860937796.html,Malaika Arora rents apartment in Mumbai for about ₹1.50 lakh per month for three years,Hindustan Times,"May 16, 2024","Malaika Arora's apartment is located in Pali Hill, Bandra West. The rent is 
subject to a 5% escalation every year, the rent document showed.",https://serpapi.com/searches/66afb677a74fe0705f6b0fba/images/85f1cb9a53f08fa08b4618572b42381c25d51bc9eca502c1ad7d78d43b6bc06c.jpeg
5,https://www.hindustantimes.com/real-estate/yashasvi-jaiswal-buys-dream-home-in-mumbai-for-rs-5-38-crore-101708573407350.html,Yashasvi Jaiswal buys dream home in Mumbai for ₹5.38 crore,Hindustan Times,"Feb 22, 2024","The size of the under construction apartment is 1100-square-foot and is 
located in Bandra (East). The property deal was registered in...",https://serpapi.com/searches/66afb677a74fe0705f6b0fba/images/85f1cb9a53f08fa0429251414233cd26bd2fcd54a4e1d9c9062a9e1fd215d45f.jpeg
6,https://www.freepressjournal.in/mumbai/mumbai-real-estate-a-decade-of-stagnation-or-opportunity-insights-from-celebrity-sales-market-dynamics,"Mumbai Real Estate: A Decade Of Stagnation Or Opportunity? Insights From Celebrity Sales, Market Dynamics",Free Press Journal,"Dec 22, 2023","When actor Sonam Kapoor sold her luxury apartment in Mumbai's Bandra Kurla 
Complex for Rs 32.5 crore earlier this year, news started...",https://serpapi.com/searches/66afb677a74fe0705f6b0fba/images/85f1cb9a53f08fa078d70989457ef6e9c5dce0eda57686b8af1e1ba80a039b36.jpeg
7,https://housing.com/news/chembur-to-witness-upward-price-movements-report/,Chembur to witness upward price movements: Report,Housing,"May 28, 2024","According to the report, Chembur has recorded a price appreciation, thus 
narrowing the pricing gap between the established markets in Mumbai like 
Bandra, Worli...",https://serpapi.com/searches/66afb677a74fe0705f6b0fba/images/85f1cb9a53f08fa006a2c06bf428c3d1f6917e114b9087c71fc7e397a2dc78d8.jpeg
8,https://www.hindustantimes.com/real-estate/mumbai-redevelopment-micl-working-on-development-agreement-of-aamir-khan-s-housing-society-in-pali-hill-101710421626772.html,MICL working on development agreement of Aamir Khan’s housing society in Mumbai,Hindustan Times,"Mar 14, 2024","Man Infraconstruction Limited (MICL), a listed developer, that had 
announced that it will redevelop a housing society in Pali Hill area in 
Mumbai, where actor...",https://serpapi.com/searches/66afb677a74fe0705f6b0fba/images/85f1cb9a53f08fa08a45e5731ae66a975e18de25972f58974b1cbb3e0ff3ef33.jpeg
9,https://housing.com/news/salman-khan-house/,Inside Salman Khan’s luxurious house,Housing,"Apr 16, 2024","Salman Khan house is a 1 BHK apartment in Galaxy Apartments Bandra. This 
has been Salman Khan house in Mumbai for more than 40 years now.",https://serpapi.com/searches/66afb677a74fe0705f6b0fba/images/85f1cb9a53f08fa048c229ccb76f4716783d37c8ef6d12eb9bd689fadda59833.jpeg
10,https://timesofindia.indiatimes.com/business/india-business/the-address-by-gs-all-set-to-add-a-new-glitter-to-bandras-skyline/articleshow/108996667.cms,The Address by GS: All set to add a new glitter to Bandra’s skyline,Times of India,"Apr 3, 2024","India Business News: The Address by GS, Bandra can be truly classified as a 
modern architectural masterpiece being curated by Raymond Realty...",https://serpapi.com/searches/66afb677a74fe0705f6b0fba/images/85f1cb9a53f08fa0822763b3d15937a24b48fb1775fc741b8f7c0b08931cd5e1.jpeg
1,https://www.bizzbuzz.news/industry/infra/office-buildings-in-mumbai-bkc-surpasses-manhattan-in-pricing-shifting-real-estate-dynamics-1300507,"Office buildings in Mumbai BKC Surpasses Manhattan in Pricing, Shifting Real Estate Dynamics",BizzBuzz,"Mar 19, 2024","The striking differences in commercial real estate markets between Mumbai's 
BKC and New York provide insights into pricing, trends,...",https://serpapi.com/searches/66afb677c90e0ad166e80466/images/30473a08bd03a4d44cc8480e0afd49e691de877a0cf49a718e08a9103f5b9249.jpeg
2,https://www.businesstoday.in/real-estate/story/aamir-khan-amitabh-bachchan-buy-luxury-properties-in-mumbai-435220-2024-06-30,"Aamir Khan, Amitabh Bachchan buy luxury properties in Mumbai",Business Today,1 month ago,"Despite significant price appreciation over the last three years, Bollywood 
stars continue to invest in Mumbai real estate.",https://serpapi.com/searches/66afb677c90e0ad166e80466/images/30473a08bd03a4d44974dc83dc517826c831b431f8ba43a7f3f38354ae384e4a.jpeg
3,https://www.hindustantimes.com/real-estate/shapoorji-pallonji-real-estate-raises-rs-55-crore-to-finance-new-luxury-housing-project-in-mumbai-101707202272212.html,Shapoorji Pallonji Real Estate raises ₹55 crore to finance new luxury housing,Hindustan Times,"Feb 6, 2024","Shapoorji Pallonji Real Estate anticipates revenue exceeding ₹250 crore 
from the premium project known as BKC 9 located in Bandra East.",https://serpapi.com/searches/66afb677c90e0ad166e80466/images/30473a08bd03a4d41a547338ed5ba159e9a3df886eb093c8e4e9e12ae16a042c.jpeg
4,https://www.propnewstime.com/getdetailsStories/ODI5Nw==/from-luxury-to-budget-bandra-west-s-real-estate-market-thrives-in-may,From Luxury to Budget: Bandra West's real estate market thrives in May,Prop News Time,4 weeks ago,"Explore Bandra West, a neighborhood blending old-world charm with modern 
amenities, boasting vibrant culture, nightlife, and varied real...",https://serpapi.com/searches/66afb677c90e0ad166e80466/images/30473a08bd03a4d45f53a9e8f5eb99285bc29fb72e5a8656653f3b8c8bb044a4.jpeg
5,https://www.hindustantimes.com/real-estate/motilal-oswals-top-official-buys-mumbai-apartment-for-over-rs-36-crore-101710341267341.html,Motilal Oswal's top official buys Mumbai apartment for over ₹36 crore,Hindustan Times,"Mar 13, 2024","The property is located in an under construction project called Satguru 
Rendezvous in Bandra West, Mumbai, the registration documents...",https://serpapi.com/searches/66afb677c90e0ad166e80466/images/30473a08bd03a4d43da6cb0ef9a66716fcdd5f843c263c4cf3f50f28ab1b082e.jpeg
6,https://realty.economictimes.indiatimes.com/news/residential/raymond-to-redevelop-mig-vi-chs-society-in-mumbai/110824485,Raymond to redevelop MIG VI CHS society in Mumbai,ET Realty,"Jun 8, 2024","NEW DELHI: Raymond's real estate division has been selected as the 
preferred developer for redevelopment of MIG VI CHS located in Bandra...",https://serpapi.com/searches/66afb677c90e0ad166e80466/images/30473a08bd03a4d4c9ce56e64a2d4cf05bb66c7fde8bd2f41031482753fa6456.jpeg
7,https://housing.com/news/neetu-rishi-kapoor-house-mumbai/,Krishna Raj bungalow: Inside Rishi Kapoor and Neetu Kapoor’s home,Housing,"Apr 8, 2024","The property holds special significance for the Kapoor family. Named after 
Rishi Kapoor's parents, Raj Kapoor and Krishna Kapoor,...",https://serpapi.com/searches/66afb677c90e0ad166e80466/images/30473a08bd03a4d48cb4f22a47691ed4576d03c860535fa5352e17b1f29f2e3e.jpeg
8,https://www.hindustantimes.com/real-estate/bengalurubased-puravankara-ltd-appointed-developer-for-mumbai-s-pali-hill-redevelopment-project-101713889337846.html,Bengaluru-based Puravankara Ltd to redevelop housing society project in Mumbai’s Pali Hill,Hindustan Times,"Apr 24, 2024","The Mumbai redevelopment project has a cumulative estimated development 
potential of 4.10 lakh sq ft carpet area and a potential GDV of over...",https://serpapi.com/searches/66afb677c90e0ad166e80466/images/30473a08bd03a4d463069f0ac57cb9da01d3d8cea25c089329e2ffec30a7f515.jpeg
9,https://www.hindustantimes.com/real-estate/4-real-estate-markets-to-watch-out-for-in-2024-101703328948252.html,Real estate in 2024: Four locations where you might want to put your money in,Hindustan Times,"Jan 4, 2024","The year 2024 is expected to be all about infrastructure projects such as 
new metro lines, expressways and airports shaping homebuying...",https://serpapi.com/searches/66afb677c90e0ad166e80466/images/30473a08bd03a4d4e131dcd0b22458d9ca4270ec5903260ebcccae061a0d8f63.jpeg
10,https://www.moneycontrol.com/news/business/real-estate/bollywood-actress-triptii-dimri-buys-luxury-property-in-mumbai-for-rs-14-crore-12743455.html,Bollywood actress Triptii Dimri buys luxury property in Mumbai for Rs 14 crore,Moneycontrol,"Jun 7, 2024","Bandra West, known for its posh neighbourhoods and Uber apartments, has 
seen several big-ticket deals in recent years.",https://serpapi.com/searches/66afb677c90e0ad166e80466/images/30473a08bd03a4d4f83ef5d7da6e6791023117e980f759ce39ac8af1f5a002cf.jpeg
1,https://www.moneycontrol.com/news/business/real-estate/with-dream-plot-at-bandra-adani-realty-set-to-disrupt-mumbais-luxury-market-12372281.html,"With dream plot at Bandra, Adani Realty set to disrupt Mumbai’s luxury market",Moneycontrol,"Feb 28, 2024","Adani Realty has won the bid for undoubtedly the best piece of land in 
Mumbai. The new whale of the real estate market outbid L&T Realty to...",https://serpapi.com/searches/66afb679979054fb3fe18156/images/835f0c665f9a4b0aba2eb2bcd97671b441e41154091df29c836e48d92eb30481.jpeg
2,https://www.timesnownews.com/business-economy/real-estate/bollywood-actress-tripti-dimri-buys-luxurious-bungalow-in-mumbai-for-rs-14-crore-details-article-110803158,Bollywood Actress Tripti Dimri Buys Luxurious Bungalow In Mumbai For Rs 14 Crore - Details,Times Now,"Jun 7, 2024","The sale agreement was officially registered on June 3, 2024, with Tripti 
Dimri paying a substantial stamp duty of Rs 70 lakh and a...",https://serpapi.com/searches/66afb679979054fb3fe18156/images/835f0c665f9a4b0af40a2a8d6955d6495ef0ebd178eefb868ff95fa988226155.jpeg
3,https://www.moneycontrol.com/news/business/real-estate/preity-zinta-buys-bandra-apartment-for-rs-17-01-crore-11597191.html,Preity Zinta buys Bandra apartment for Rs 17.01 crore,Moneycontrol,"Oct 25, 2023","The Bollywood actor's new purchase has 1474-sq-ft of carpet area and is in 
the Pali Hill.",https://serpapi.com/searches/66afb679979054fb3fe18156/images/835f0c665f9a4b0ae81c22c8bf3ee2787a6465ab20b297021065c34a0ede5302.jpeg
4,https://timesofindia.indiatimes.com/city/mumbai/bandra-police-file-fir-against-ex-employees-for-data-theft-impacting-real-estate-firm/articleshow/111467079.cms,Bandra police file FIR against ex-employees for data theft impacting real estate firm,Times of India,1 month ago,"MUMBAI: The Bandra police registered an FIR on Tuesday against three former 
employees of a real estate service company for abruptly...",https://serpapi.com/searches/66afb679979054fb3fe18156/images/835f0c665f9a4b0a9b225dd8f97e130f0e7be0f804b7a34fae0050be4ee970a1.jpeg
5,https://www.hindustantimes.com/cities/mumbai-news/two-of-bandra-east-s-biggest-societies-to-go-into-redevelopment-101718393330099.html,Two of Bandra East’s biggest societies to go into redevelopment,Hindustan Times,1 month ago,"One of the largest cooperative societies in the area, Patrakar Nagar, 
spread over a two-acre plot and located across Rustomjee's sprawling...",https://serpapi.com/searches/66afb679979054fb3fe18156/images/835f0c665f9a4b0a1a6677b75e317c483c79a63a98866ca96eec78210789e92a.jpeg
6,https://www.moneycontrol.com/news/business/real-estate/motilal-oswal-financial-services-md-ashish-gumashta-purchases-rs-36-crore-apartment-in-mumbais-bandra-12452911.html,Motilal Oswal Financial Services MD Ashish Gumashta purchases Rs 36 crore apartment in Mumbai's Bandra,Moneycontrol,"Mar 13, 2024","Bandra micromarket is one of the hottest in the Mumbai real estate market, 
and also has reported several high value deals.",https://serpapi.com/searches/66afb679979054fb3fe18156/images/835f0c665f9a4b0a6a5c396d588f2fee98ff8420de903a4a4c9cdc400857451e.jpeg
7,https://www.hindustantimes.com/real-estate/manappuram-finance-md-nandakumar-buys-rs-41-crore-duplex-in-mumbai-101720102432541.html,Manappuram Finance MD Nandakumar buys ₹41 crore duplex in Mumbai,Hindustan Times,1 month ago,"VP Nandakumar, MD and CEO of Manappuram Finance has purchased a 4500 square 
feet duplex property in Mumbai's Bandra West locality for...",https://serpapi.com/searches/66afb679979054fb3fe18156/images/835f0c665f9a4b0a9ed552aecfdefb37a4fa7a6a5b32b18165dad00aa98163e4.jpeg
8,https://m.economictimes.com/industry/services/property-/-cstruction/wsb-real-estate-invests-in-shapoorji-pallonjis-project-in-mumbais-bandra-east/articleshow/107452009.cms,WSB Real Estate invests in Shapoorji Pallonji’s project in Mumbai’s Bandra East,The Economic Times,"Feb 6, 2024","WSB Real Estate Partners' WSBREDF II has invested Rs 55 crore in Shapoorji 
Pallonji Real Estate's joint venture residential project BKC 9 in...",https://serpapi.com/searches/66afb679979054fb3fe18156/images/835f0c665f9a4b0ae298db76dbf5f9b99c5c20ed64815dd88f2a64db339098e3.jpeg
9,https://www.business-standard.com/markets/capital-market-news/raymond-hits-record-high-as-real-estate-arm-bags-2-acre-mumbai-project-124061000340_1.html,Raymond hits record high as real estate arm bags 2-acre Mumbai project,Business Standard,1 month ago,"Raymond surged 7.29% to Rs 2649.75 after its real estate division gets 
selected as the preferred developer for redevelopment of MIG VI CHS...",https://serpapi.com/searches/66afb679979054fb3fe18156/images/835f0c665f9a4b0aa36c5d78fb67bb5b4be7a79d1f90342cd362d04c44826603.png
10,https://housing.com/news/rustomjee-group-launches-luxury-residential-project-in-mumbais-bandra/,Rustomjee Group launches luxury residential project in Mumbai’s Bandra,Housing,"May 8, 2024","With the launch of the project, Rustomjee Group is anticipating a gross 
development value (GDV) of approximately Rs 375 crore.",https://serpapi.com/searches/66afb679979054fb3fe18156/images/835f0c665f9a4b0a4112b48966265ec278b2c7f801f1b7fdabff89f8eb329339.jpeg
1,https://timesofindia.indiatimes.com/city/mumbai/only-2-strong-bidders-for-24-acre-prime-bandra-reclamation-plot/articleshow/107610357.cms,Only 2 strong bidders for 24-acre prime Bandra Reclamation plot,Times of India,"Feb 12, 2024","Adani Realty and L&T Realty are the only two strong contenders for one of 
Mumbai's prime land parcels at Bandra Reclamation put on the block by 
Maharashtra...",https://serpapi.com/searches/66afbe89ca968ff730d0113e/images/7854895adc640a280e7a5d8cced23abfdf37dd99d4a0860f9ebf72a7a5cc8e73.jpeg
2,https://www.moneycontrol.com/news/business/real-estate/can-south-mumbai-commercial-real-estate-market-catch-up-with-bkc-with-infra-boost-12491631.html,Can South Mumbai commercial real estate market catch up with BKC with infra boost?,Moneycontrol,"Mar 20, 2024","Mumbai real estate: South Mumbai, or Sobo, real estate market has over the 
last five to 10 years lost it prominence owing to dearth of...",https://serpapi.com/searches/66afbe89ca968ff730d0113e/images/7854895adc640a28f0f779e3ed7d434c7313f48b92e71b12a4d5b01c1f959aed.jpeg
3,https://media.biltrax.com/puravankara-to-redevelop-2-5-acre-housing-society-in-mumbais-pali-hill/,Puravankara set to redevelop 2.5 Acre housing society in Mumbai’s Pali Hill,Biltrax Media,"Apr 24, 2024","Puravankara has been appointed as the preferred developer to redevelop a 
housing society in Pali Hill neighborhood of Mumbai's Bandra West.",https://serpapi.com/searches/66afbe89ca968ff730d0113e/images/7854895adc640a28bebfe2530726f8fbf83c325963aa29588210481a6cf7187c.jpeg
4,https://www.businesstoday.in/real-estate/story/cricketer-rohit-sharma-leases-2-apartments-in-bandra-heres-what-he-will-make-414482-2024-01-23,Cricketer Rohit Sharma leases 2 apartments in Bandra. Here's what he will make,Business Today,"Jan 23, 2024","According to Zapkey.com, a platform that aggregates property registration 
data, the two apartments are located on the 14th floor and spread...",https://serpapi.com/searches/66afbe89ca968ff730d0113e/images/7854895adc640a28c9e4fc162be92a46e8b27a48b45cb7ed69ab293b104c1244.jpeg
5,https://www.timesnownews.com/mumbai/manhattans-office-building-sold-at-usd-150-per-square-foot-price-less-than-half-the-rate-at-mumbais-bkc-says-kotak-founder-uday-kotak-article-108566832,Mumbai's BKC Property Rate Expensive Than Manhattan's? Here's What Kotak Founder Said,Times Now,"Mar 17, 2024","The 778,000 square foot tower located at 222 Broadway exchanged hands for a 
mere USD 150 million, marking a significant decrease from its...",https://serpapi.com/searches/66afbe89ca968ff730d0113e/images/7854895adc640a28b00767d36e8b447621928de8e9afb160fbfa2c25c4d57568.jpeg
6,https://www.moneycontrol.com/news/business/real-estate/mumbai-redevelopment-news-micl-to-take-up-bollywood-actor-aamir-khans-pali-hill-building-11971681.html,Mumbai redevelopment news: MICL to take up Bollywood actor Aamir Khan's Pali Hill building,Moneycontrol,"Dec 29, 2023","Listed company Man Infraconstruction Limited (MICL) on December 29, 
announced a redevelopment project in Mumbai's Pali Hill area of Bandra.",https://serpapi.com/searches/66afbe89ca968ff730d0113e/images/7854895adc640a285eef5749f8e79220060320298ed9e22c4904f2032accb447.jpeg
7,https://www.hindustantimes.com/real-estate/sunteck-realty-to-launch-luxury-housing-projects-in-mumbai-with-a-gross-development-value-of-rs-3000-crore-101706539312428.html,Sunteck Realty to launch luxury projects in Mumbai with a GDV of ₹3000 crore,Hindustan Times,"Jan 29, 2024","Though Sunteck Realty did not disclose the exact size of the land, industry 
sources said the two projects will come up on a cumulative land...",https://serpapi.com/searches/66afbe89ca968ff730d0113e/images/7854895adc640a283d782cc972a6e0eebd6b557180d0597deee7a155a434d89c.jpeg
8,https://www.freepressjournal.in/business/maricos-priyanjali-mariwala-buys-a-luxury-flat-worth-65-crore-in-mumbais-bandra-kurla-complex,Maricos Priyanjali Mariwala Buys A Luxury Flat Worth ₹65 Crore In Mumbais Bandra-Kurla Complex,Free Press Journal,1 month ago,"The city of Mumbai is no stranger to unimaginably mind-numbing property 
rates. And every few weeks, another leaf of luxury lands on the...",https://serpapi.com/searches/66afbe89ca968ff730d0113e/images/7854895adc640a281aaa8fea4b657f815201cf09b601b5fa62dd5467367a0e16.jpeg
9,https://www.hindustantimes.com/real-estate/cricketer-rohit-sharma-leases-two-apartments-in-mumbai-for-about-rs-3-lakh-per-month-101705665281451.html,Rohit Sharma leases two apartments in Mumbai for ₹3 lakh per month,Hindustan Times,"Jan 22, 2024","Cricketer Rohit Sharma has leased two apartments in Mumbai's Bandra West 
area at a monthly rent of ₹3 lakh per month for three years.",https://serpapi.com/searches/66afbe89ca968ff730d0113e/images/7854895adc640a28281c713e3a54b4d5e104ee726b44739bfea74edf56868ad6.jpeg
10,https://realty.economictimes.indiatimes.com/news/residential/sonakshi-sinha-buys-apartment-in-mumbais-bandra/103622567,Sonakshi Sinha buys apartment in Mumbai's Bandra,ET Realty,"Sep 13, 2023","Sinha has bought the apartment directly from developer Pyramid Developers 
and Ultra Lifespaces. She has paid stamp duty worth Rs 55 lakh for...",https://serpapi.com/searches/66afbe89ca968ff730d0113e/images/7854895adc640a282fd44ba89085a718732c36aacf0b1c73d25731bfe03349b3.jpeg
1,https://housing.com/news/actor-preity-zinta-buys-apartment-worth-rs-17-01-cr-in-bandra/,Actor Preity Zinta buys apartment worth Rs 17.01 cr in Bandra,Housing,"Oct 26, 2023","Bollywood actor Preity Zinta purchased an apartment worth Rs 17.01 crore in 
Mumbai's Bandra. The property has a carpet area of 1474 sqft.",https://serpapi.com/searches/66afbe8b5119a672540772e1/images/355c85a9409de6ecff99669e20a76bbb569e98a6c0dbe6a111a62ee058577375.jpeg
2,https://www.hindustantimes.com/real-estate/adani-realty-secures-24-acre-bandra-reclamation-redevelopment-project-outbids-lt-101708068418294.html,Adani Realty secures 24-acre Bandra Reclamation Redevelopment project,Hindustan Times,"Feb 16, 2024","Adani Realty outbid L&T to grab the 24-acre Bandra Reclamation 
Redevelopment close to the Bandra-Worli Sea Link.",https://serpapi.com/searches/66afbe8b5119a672540772e1/images/355c85a9409de6ec577d4ed82fc6f476a15495486b0c95a292340cb88420ff28.jpeg
3,https://housing.com/news/jaaved-jaaferi-house/,"Inside Jaaved Jaaferi’s 7,000-sqft apartment in Bandra",Housing,1 month ago,"Jaaved Jaaferi, actor-comedian lives with his family in a lavish apartment 
in Mumbai's Bandra.",https://serpapi.com/searches/66afbe8b5119a672540772e1/images/355c85a9409de6eca4023c93da257f8ed309c3265c4108ac5ff0901cb63e1c17.jpeg
4,"https://www.zeebiz.com/real-estate/news-Raymond-Realty-launches-housing-project-in-Bandra-Mumbai-with-Rs-2,000-croe-revenue-potential-277304","Raymond Realty launches housing project in Bandra, Mumbai with Rs 2,000 croe revenue potential",Zee Business,"Feb 20, 2024","Raymond Realty, the real estate arm of Raymond Group, on Tuesday said it 
will develop a premium housing project at Bandra in Mumbai with an...",https://serpapi.com/searches/66afbe8b5119a672540772e1/images/355c85a9409de6ecf28bacb3518dcaa2a16e7751edcca158d6bec2879d336f67.jpeg
5,https://www.hindustantimes.com/real-estate/bandhan-bank-purchases-12-commercial-units-in-mumbais-bkc-for-rs-135-crore-101708090849540.html,Bandhan Bank purchases 12 commercial units in Mumbai's BKC for ₹135 crore,Hindustan Times,"Feb 16, 2024","Bandhan Bank has purchased 12 commercial units spread across two floors in 
Bandra Kurla Complex in Mumbai from four sellers.",https://serpapi.com/searches/66afbe8b5119a672540772e1/images/355c85a9409de6ec1bb8c6fd2a26e6b30c31342b09c04c0b8a907c1fffcd01a6.jpeg
6,https://m.economictimes.com/industry/services/property-/-cstruction/motilal-oswal-top-official-ashish-gumashta-buys-luxury-apartment-in-mumbais-bandra-west/articleshow/108469440.cms,Motilal Oswal top official Ashish Gumashta buys luxury apartment in Mumbai’s Bandra west,The Economic Times,"Mar 13, 2024","Ashish Gumashta, managing director of strategic initiatives at Motilal 
Oswal Financial Services, has purchased an under-construction luxury...",https://serpapi.com/searches/66afbe8b5119a672540772e1/images/355c85a9409de6ecda7ae09d981f10c551b64bb2e49aaf713ea6c8dd899e4e4e.jpeg
7,https://timesofindia.indiatimes.com/city/mumbai/bandra-hotelier-booked-for-sex-assault-on-divorcee/articleshow/111525007.cms,Bandra cops book hotelier for sex assault on divorcee,Times of India,1 month ago,"Bandra police file FIR against hotelier for sexual assault and criminal 
intimidation of a divorcee in Mumbai.",https://serpapi.com/searches/66afbe8b5119a672540772e1/images/355c85a9409de6ec2ac945540df9f05385361a561e5f9df5182302dc374134c8.jpeg
8,https://www.hindustantimes.com/real-estate/ajmera-realty-keystone-realtors-partner-to-redevelop-housing-project-in-mumbai-101705591100821.html,"Ajmera Realty, Keystone Realtors partner to redevelop housing project in Mumbai",Hindustan Times,"Jan 18, 2024","The redevelopment project aims to deliver premium luxury residential 
apartments with an estimated carpet area of approximately 130000 sq ft...",https://serpapi.com/searches/66afbe8b5119a672540772e1/images/355c85a9409de6ec0074f4a6d22686c5bd1add8f10695d90a46b647988ca002b.jpeg
9,https://housing.com/news/janhvi-kapoor-sridevi-home-mumbai/,Inside Bollywood Actress Janhvi Kapoor’s House,Housing,"May 2, 2024","Bollywood actress Janhvi Kapoor's Pali Hill house, Mumbai is nothing short 
of a marvel, adorned with classic paintings by late actress...",https://serpapi.com/searches/66afbe8b5119a672540772e1/images/355c85a9409de6ecd2d21e632cbb7f672e99c191a0f38e4c4b5fbba127db8e7b.jpeg
10,https://timesofindia.indiatimes.com/city/mumbai/bidding-for-24acre-bandra-land-rigged-to-favour-a-few-builders/articleshow/106972071.cms,Bidding for 24-acre Bandra land rigged to favour a few: Builders | Mumbai News,Times of India,"Jan 19, 2024","City builders hoping to bid for the 24-acre sprawl in Bandra Reclamation 
with a gross development value of Rs 30000 crore-plus,...",https://serpapi.com/searches/66afbe8b5119a672540772e1/images/355c85a9409de6ecc96e8a35eb4b7e31cce5e8be08c063d81ddd45d994f17c6f.jpeg
1,https://housing.com/news/john-abraham-house/,Inside John Abraham’s Mumbai house: Where class and sophistication meet,Housing,"Apr 1, 2024","John Abraham is a lot more than your regular Bollywood star. The actor 
resides in a spectacular house, 'Villa In The Sky' in Mumbai's Bandra...",https://serpapi.com/searches/66afbe8d9f55b3d763505006/images/ee94ff24bac4bec1c643e63dd3686487851bfad92d3dbfcae2ab3871cafbe9bf.jpeg
2,https://www.architectandinteriorsindia.com/news/shapoorji-pallonji-real-estate-announces-bkc-9-a-project-financed-by-wsb-fund-ii,"Shapoorji Pallonji Real Estate announces BKC 9, a project financed by WSB Fund II #RealEstate",Architect and Interiors India,"Feb 8, 2024","After the resounding success of Shapoorji Pallonji Real Estate's premium 
project BKC 28, WSB Real Estate Debt Fund II (WSBREDF II) has...",https://serpapi.com/searches/66afbe8d9f55b3d763505006/images/ee94ff24bac4bec188ac995951ef5badc4b2da83f535fcb48c5c87487ae1a8a2.jpeg
3,https://www.business-standard.com/markets/capital-market-news/raymond-realty-wins-redevelopment-project-in-bandra-east-mumbai-124061000892_1.html,"Raymond Realty wins redevelopment project in Bandra East, Mumbai",Business Standard,1 month ago,"With revenue potential of more than Rs 2,000 cr. Raymond Realty announced 
that it has been selected for the redevelopment of another...",https://serpapi.com/searches/66afbe8d9f55b3d763505006/images/ee94ff24bac4bec1649b60d279cf4c5d376f832e367c99122848b86bf2d94845.png
4,https://housing.com/news/tripti-dimri-buys-bungalow-in-bandra-for-rs-14-crore/,Tripti Dimri buys bungalow in Bandra for Rs 14 crore,Housing,1 month ago,"Tripti Dimri paid a stamp duty of Rs 70 lakh for the ground-plus-two storey 
bungalow that is located off Carter Road, Bandra (West).",https://serpapi.com/searches/66afbe8d9f55b3d763505006/images/ee94ff24bac4bec153e9c69d425864f3b90fc2fb4e6c317d7655df042467cd0f.jpeg
5,https://www.timesnownews.com/mumbai/how-opening-of-mumbai-coastal-road-has-led-to-surge-in-property-rates-in-bandra-andheri-area-article-108820508,How Opening Of Mumbai Coastal Road Has Led To Surge In Property Rates In Bandra-Andheri Area,Times Now,"Mar 27, 2024","Stakeholders report a 5-15 per cent increase in property values in the 
Bandra-Andheri area due to the project, with anticipated positive...",https://serpapi.com/searches/66afbe8d9f55b3d763505006/images/ee94ff24bac4bec1e385206a9fc23e050e2ca1921a1827bd47c1a6c25a11ba76.jpeg
6,https://www.hindustantimes.com/cities/mumbai-news/adani-realty-wins-bid-to-redevelop-24-acre-plot-at-bandra-reclamation-101708109658117.html,Adani Realty wins bid to redevelop 24-acre plot at Bandra Reclamation,Hindustan Times,"Feb 17, 2024","Adani Realty has emerged as the highest bidder for the redevelopment of a 
24-acre plot in Mumbai, beating Larsen & Toubro.",https://serpapi.com/searches/66afbe8d9f55b3d763505006/images/ee94ff24bac4bec1f16b302383acceeeb5724119f8f278b89923c3155f5041b1.jpeg
7,https://housing.com/news/aamir-khan-house/,"Aamir Khan house in Pali Hill, Mumbai and Panchgani",Housing,1 month ago,"The décor sporting a nature-theme at the Marina Apartments house is the 
brain child of Aamir Khan's ex-wife Kiran Rao. The 5,000 sqft Aamir...",https://serpapi.com/searches/66afbe8d9f55b3d763505006/images/ee94ff24bac4bec1458697a585e78d29e3527a6fd1b849b664128b7d814a5b1d.jpeg
8,https://m.economictimes.com/industry/services/property-/-cstruction/sunteck-realty-inks-pacts-for-rs-3000-crore-projects-in-mumbais-nepean-sea-road-bandra/articleshow/107234537.cms,"Sunteck Realty inks pacts for Rs 3,000 crore projects in Mumbai’s Nepean Sea Road, Bandra",The Economic Times,"Jan 29, 2024","Real estate major Sunteck Realty has entered into agreements to redevelop 
two prime projects valued at over Rs 3000 crore in Nepean Sea Road...",https://serpapi.com/searches/66afbe8d9f55b3d763505006/images/ee94ff24bac4bec12c51ba2d2ef4f027c0163fdb184f74d9a75cbe4e73a3a344.jpeg
9,https://housing.com/news/ranbir-kapoor-house/,Ranbir Kapoor house: Inside ‘Vastu’ apartment in Pali Hill,Housing,"Mar 29, 2024","Where does Ranbir Kapoor live? Ranbir Kapoor's house is located at Vastu 
apartment in Pali Hill, an affluent neighbourhood in Mumbai.",https://serpapi.com/searches/66afbe8d9f55b3d763505006/images/ee94ff24bac4bec1b2f882c00cae9c9cc7ae55e398cb0330414d2b5f86b924e5.jpeg
10,https://housing.com/news/sonakshi-sinha-home/,Sonakshi Sinha house: About the actor’s homes in Juhu and Bandra,Housing,1 month ago,"Sonakshi Sinha got the top floor of her house 'Ramayan' at JVPD Scheme, 
Juhu with rich textures and geometric shapes.",https://serpapi.com/searches/66afbe8d9f55b3d763505006/images/ee94ff24bac4bec16e443da8c0b7f2b45d9396df7a16b8e41d2cc6fa24774f73.jpeg
1,https://m.economictimes.com/industry/services/property-/-cstruction/adani-realty-gets-msrdcs-24-acre-bandra-reclamation-redevelopment-project/articleshow/107760190.cms,Adani Realty gets MSRDC's 24-acre Bandra Reclamation redevelopment project,The Economic Times,"Feb 16, 2024",The Adani Group's real estate development company Adani Realty has emerged as the highest bidder for the redevelopment of the Maharashtra...,https://serpapi.com/searches/66afbe8f9d1586c6d4df5705/images/2dc5f83bc4f3b14a5c2658647c95d5995d40ba0a019f29204357b3ce2cabab45.jpeg
2,https://www.constructionweekonline.in/projects-tenders/ajmera-realty-rustomjee-partner-to-jointly-redevelop-a-society-in-bandra,Ajmera Realty & Rustomjee partner to jointly redevelop a society in Bandra,Construction Week India,"Jan 18, 2024","Ajmera Luxe Realty (ALRPL), a joint venture between Ajmera Realty & Infra India (ARIIL), and Keystone Realtors (Rustomjee) will execute a...",https://serpapi.com/searches/66afbe8f9d1586c6d4df5705/images/2dc5f83bc4f3b14ab43733def00be72f8f05826853c90a37518d06676afead72.jpeg
3,https://www.propnewstime.com/getdetailsStories/ODE2NQ==/paradigm-realty-takes-up-redevelopment-projects-bandra-and-kandivali-worth-over-inr-4-500-crores,"Paradigm Realty takes up redevelopment projects Bandra and Kandivali worth over INR 4,500 crores",Prop News Time,1 month ago,"Paradigm Realty initiates a transformative INR 4500 crore redevelopment project in Mumbai's Bandra and Kandivali, upgrading 11 housing...",https://serpapi.com/searches/66afbe8f9d1586c6d4df5705/images/2dc5f83bc4f3b14a7b331bec19d8ad1db0513d503289465e24dbc92d72a45c19.jpeg
4,https://www.moneycontrol.com/news/videos/business/real-estate/searching-a-rental-home-as-a-hindu-muslim-couple-in-mumbai-from-bandra-to-powai-the-tenant-12430121.html,Searching a rental home as a Hindu-Muslim couple in Mumbai | From Bandra to Powai | The Tenant,Moneycontrol,"Mar 10, 2024",Description: Meet a couple that arguably had the toughest time in hunting an apartment. They are 1) Inter-faith couple with a Hindu-woman...,https://serpapi.com/searches/66afbe8f9d1586c6d4df5705/images/2dc5f83bc4f3b14ac60b5098cbfcbeb18724ee431b4bfef6b3beee83bd54ae46.jpeg
5,https://www.rprealtyplus.com/realty-spotlight/suntecks-new-luxury-projects-at-nepean-sea-bandra-bandstand-in-mumbai-113834.html,Sunteck's New Luxury Projects At Nepean Sea & Bandra- Bandstand In Mumbai,Realty Plus Magazine,"Jan 30, 2024","Sunteck Realty Limited, a Mumbai-based premium luxury real estate developer, is set to enter two of Mumbai's most exclusive and sought-after...",https://serpapi.com/searches/66afbe8f9d1586c6d4df5705/images/2dc5f83bc4f3b14a51c64eefaf545e29fb92f116920e886dcbf853ccaf26e68b.png
6,https://housing.com/news/puravankara-to-redevelop-residential-project-in-pali-hill-bandra/,"Puravankara to redevelop residential project in Pali Hill, Bandra",Housing,"Apr 24, 2024",The residential society to be redeveloped is spread slightly over two and a half acre. Check out the details.,https://serpapi.com/searches/66afbe8f9d1586c6d4df5705/images/2dc5f83bc4f3b14afd34c0d368d95449048410caaf44e26ff5551b8f75bf7d84.jpeg
7,https://www.constructionweekonline.in/projects-tenders/shapoorji-pallonji-real-estate-announces-bkc-9-a-project-financed-by-wsb-fund-ii,"Shapoorji Pallonji Real Estate announces BKC 9, a project financed by WSB Fund II",Construction Week India,"Feb 6, 2024","Anticipates revenue exceeding Rs 250 crore. Shapoorji Pallonji Real Estate announces BKC 9, a project financed by WSB Fund II. Bandra East...",https://serpapi.com/searches/66afbe8f9d1586c6d4df5705/images/2dc5f83bc4f3b14a38b0f550e6365b251dc7ef03dc79a62b242ae1f6306b4ef1.jpeg
8,https://housing.com/news/shapoorji-pallonji-raises-rs-55-cr-to-finance-new-project-in-mumbai/,Shapoorji Pallonji raises Rs 55 cr to finance new project in Mumbai,Housing,"Feb 6, 2024",Shapoorji Pallonji Real Estate raises Rs 55 crore to finance new luxury housing project in Mumbai; BKC 9 at Bandra East will offer 92...,https://serpapi.com/searches/66afbe8f9d1586c6d4df5705/images/2dc5f83bc4f3b14aca20440aa7d4467b1b721a59e1261c90e114cc8e413842e1.jpeg
9,https://www.constructionworld.in/latest-construction-news/real-estate-news/raymond-subsidiary-secures-mumbai-housing-project-eyes-rs-17-bn/46254,"Raymond subsidiary secures Mumbai housing project, eyes Rs 17 bn",Construction World,"Oct 31, 2023","Raymond revealed that its subsidiary, Ten X Realty, had secured the rights for redeveloping a housing society in Mumbai, which holds a...",https://serpapi.com/searches/66afbe8f9d1586c6d4df5705/images/2dc5f83bc4f3b14a14ac0f9b3821ed789ee802ac534e57e39e9bc217fd744335.jpeg
10,https://timesofindia.indiatimes.com/city/mumbai/salman-khan-to-build-19-floor-hotel-in-bandra/articleshow/100367077.cms,Salman Khan to build 19-floor hotel in Bandra,Times of India,"May 20, 2023",The city's lucrative real estate market has always been a safe haven for Bollywood bigwigs to invest their millions and buy marquee...,https://serpapi.com/searches/66afbe8f9d1586c6d4df5705/images/2dc5f83bc4f3b14a73d3185a060928f1e414aefa7f7d6e9122c7781ed5577c00.jpeg
1,https://housing.com/news/raymond-realty-to-redevelop-project-in-bandra-east/,Raymond Realty to redevelop project in Bandra (East),Housing,1 month ago,"June 10, 2024: Raymond Group's real estate arm Raymond Realty has been 
selected for the redevelopment of residential project – MIG VI CHS...",https://serpapi.com/searches/66afbe9158762b60f2f33732/images/c74ffc19b272535b8ecbd76dd0036024f94b70481185fb2099018914b8e9af6b.jpeg
2,https://timesproperty.com/article/post/ready-reckoner-rate-in-bandra-kurla-complex-blid7311,"Ready Reckoner Rate In Bandra Kurla Complex, Mumbai In 2024",Times Property,"Apr 16, 2024","2024 Ready Reckoner rates for Mumbai's BKC are here. Check the latest 
property prices now!",https://serpapi.com/searches/66afbe9158762b60f2f33732/images/c74ffc19b272535b07618ddeba1e0229d0fe7628c54b6a3013ab75e290694f40.jpeg
3,https://www.businesstoday.in/real-estate/story/adani-realty-outbids-lt-to-clinch-rs-30000-crore-bandra-reclamation-project-417906-2024-02-17,"Adani Realty outbids L&T to clinch Rs 30,000 crore Bandra Reclamation project",Business Today,"Feb 17, 2024","Adani Realty offered 23.15% revenue share to the state government body 
while Larsen & Toubro offered 18% share of the project's revenue.",https://serpapi.com/searches/66afbe9158762b60f2f33732/images/c74ffc19b272535b803157595b985827ae546da254fd2ed3cdc0961550e07492.jpeg
4,https://housing.com/news/mumbai-coastal-road-project-route-map-cost-real-estate-impact/,"Mumbai Coastal Road Project: Route map, cost, real estate impact",Housing,1 month ago,"The estimated cost of the project is Rs 13060 crore and the project is 
expected to be completed by June 2024.",https://serpapi.com/searches/66afbe9158762b60f2f33732/images/c74ffc19b272535ba4e8e0a37f8b366fddda0d422b6ae0b26ccb34162dec7817.jpeg
5,https://housing.com/news/versova-bandra-sea-link/,Versova-Bandra Sea Link: Route map and completion date,Housing,"Apr 29, 2024","The Versova-Bandra Sea Link's official name is the Swatantrya Veer Savarkar 
Sea Link. Check out the project details.",https://serpapi.com/searches/66afbe9158762b60f2f33732/images/c74ffc19b272535be0f53fa552abc17deb6e650ef046558bba5a64eaf5f72dd6.jpeg
6,https://housing.com/news/ranbir-kapoor-to-gift-new-rs-250-cr-bungalow-to-daughter-raha/,Ranbir Kapoor to gift new Rs 250 cr bungalow to daughter Raha,Housing,"Mar 29, 2024","Ranbir Kapoor and Alia Bhatt plan to register their Rs 250 crore property 
in their daughter Raha Kapoor's name, according to a report by...",https://serpapi.com/searches/66afbe9158762b60f2f33732/images/c74ffc19b272535bb52dfe833b68cddec4b996c42763a8f8bdcf8a5a41d4504b.jpeg
7,https://housing.com/news/posh-residential-areas-in-mumbai/,Posh Areas In Mumbai With Property Prices,Housing,"Oct 16, 2023","Check out the list of posh areas in Mumbai and its suburban regions that is 
known for housing celebrities, millionaires and businessmen.",https://serpapi.com/searches/66afbe9158762b60f2f33732/images/c74ffc19b272535b79ccbc418fbae5fb3ac93d90949c1d1469d53c1d28fd2bf5.jpeg
8,https://businessworld.in/article/the-mumbai-dream-raging-battle-for-25-bn-redevelopment-of-bandra-reclamation-502553,The Mumbai Dream: Raging Battle for $2.5 Bn Redevelopment of Bandra Reclamation,BW Businessworld,"Dec 18, 2023","A residential colony of around 50 buildings, a bus depot and a large open 
playground all sitting nearly 25 acres of land at Western Mumbai's...",https://serpapi.com/searches/66afbe9158762b60f2f33732/images/c74ffc19b272535be9699c71597a38025f5535b0cab887eec3e071dfbb3e2fe1.jpeg
9,https://www.zeebiz.com/real-estate/news-man-infraconstruction-announces-redevelopment-of-project-in-mumbais-bandra-details-270397,Man Infraconstruction announces redevelopment of project in Mumbais Bandra - Details,Zee Business,"Dec 29, 2023","Earlier this month, the company's board approved raising up to Rs 550.23 
crore via the issue of warrant on a preferential basis.",https://serpapi.com/searches/66afbe9158762b60f2f33732/images/c74ffc19b272535ba1b7deda90e442c083ba02fbb70caa3524f66c201a862681.jpeg
10,https://www.dnaindia.com/business/report-bollywood-star-preity-zinta-acquires-luxe-mumbai-apartment-in-pali-hill-worth-crores-know-its-whopping-price-3065916,Bollywood star Preity Zinta acquires luxe Mumbai apartment in Pali Hill worth crores; know its whopping price,DNA India,"Oct 26, 2023","Preity Zinta acquires an upscale Mumbai apartment in Pali Hill, Bandra, 
sparking speculation about her relocation. Latest News.",https://serpapi.com/searches/66afbe9158762b60f2f33732/images/c74ffc19b272535b4fab689256e38db10d82a59e786d767ae2489b495cd6f7c3.jpeg
1,https://news.abplive.com/entertainment/celebrities/preity-zinta-buys-apartment-worth-rs-17-01-crore-in-bandra-report-1638378,Preity Zinta Buys A Lavish Apartment Worth Rs 17.01 Crore In Bandra : Report,ABP Live,"Oct 26, 2023","Preity Zinta purchased a lavish apartment on the 11th floor of the 
'Parishram' building in Bandra West. Advertisement. By : ABP News Bureau.",https://serpapi.com/searches/66afbe9aea1442f033889945/images/f3ceadc945fea318ac3cd89dbc8fc8735f88496841b8424f27d80d1f177128c3.jpeg
2,https://www.constructionweekonline.in/projects-tenders/ajmera-realty-rustomjee-partner-to-jointly-redevelop-a-society-in-bandra,Ajmera Realty & Rustomjee partner to jointly redevelop a society in Bandra,Construction Week India,"Jan 18, 2024","Ajmera Luxe Realty (ALRPL), a joint venture between Ajmera Realty & Infra 
India (ARIIL), and Keystone Realtors (Rustomjee) will execute a...",https://serpapi.com/searches/66afbe9aea1442f033889945/images/f3ceadc945fea318c403b38761a4fc259ff71a4788fccd0a9b262400f2d98797.jpeg
3,https://housing.com/news/ready-reckoner-rate-in-bandra-kurla-complex-mumbai/,"Ready reckoner rate in Bandra Kurla Complex, Mumbai",Housing,"Feb 13, 2024","To check the ready reckoner rates in Bandra Kurla Complex, Mumbai, one can 
visit the official portal of IGR Maharashtra.",https://serpapi.com/searches/66afbe9aea1442f033889945/images/f3ceadc945fea318cb658ecec6afc922ddf01c8dad9edc2bb80004eac065405a.jpeg
4,https://housing.com/news/circle-rates-in-bandra-west-mumbai/,"Ready reckoner rates in Bandra West, Mumbai",Housing,"Jan 29, 2024","In Mumbai, the Stamps and Registration Department determines ready reckoner 
rates based on market value. Bandra West, known for its mix of...",https://serpapi.com/searches/66afbe9aea1442f033889945/images/f3ceadc945fea318c29fd3f231057405f787dc29885eb19507980ea3f5a14ccf.jpeg
5,https://housing.com/news/rustomjee-stella/,"Rustomjee Group launches Rustomjee Stella in Bandra (East), Mumbai",Housing,"Jan 12, 2024","Rustomjee Group launches Rustomjee Stella in the Bandra East, Mumbai 
offering 2 and BHK apartments with a carpet area between 679 - 942...",https://serpapi.com/searches/66afbe9aea1442f033889945/images/f3ceadc945fea318d9d42e71862cb48966611dfdac67cf308c4fa519d1aefd70.jpeg
6,https://housing.com/news/popular-celebrity-homes-in-mumbais-juhu-and-bandra/,Popular celebrity homes in Mumbai’s Juhu and Bandra,Housing,"Apr 1, 2024","Some of the popular celebrities who own luxurious property in Juhu and 
Bandra localities include Amitabh Bachchan, Shah Rukh Khan,...",https://serpapi.com/searches/66afbe9aea1442f033889945/images/f3ceadc945fea318419e7b50e97ad62e2f5a782cc28759498967552110d63d71.jpeg
7,https://m.economictimes.com/industry/services/property-/-cstruction/adani-realty-gets-msrdcs-24-acre-bandra-reclamation-redevelopment-project/articleshow/107760190.cms,Adani Realty gets MSRDC's 24-acre Bandra Reclamation redevelopment project,The Economic Times,"Feb 16, 2024","The Adani Group's real estate development company Adani Realty has emerged 
as the highest bidder for the redevelopment of the Maharashtra...",https://serpapi.com/searches/66afbe9aea1442f033889945/images/f3ceadc945fea318822089295c22984f9adf9d21df079802526e4774a3947986.jpeg
8,https://www.aninews.in/news/business/business/shapoorji-pallonji-real-estate-announces-bkc-9-a-project-financed-by-wsb-fund-ii20240219173416,"Shapoorji Pallonji Real Estate Announces BKC 9, a Project Financed by WSB Fund II",ANI News,"Feb 19, 2024","ANI | Updated: Feb 19, 2024 17:34 IST. ANI News Join our Whatsapp channel · 
NewsVoir. Mumbai (Maharashtra) [India], February 19: After the resounding...",https://serpapi.com/searches/66afbe9aea1442f033889945/images/f3ceadc945fea3188346d6e9af45fffc308eb4d0ea407a0763d322e05148f2dd.jpeg
9,https://www.rprealtyplus.com/realty-spotlight/suntecks-new-luxury-projects-at-nepean-sea-bandra-bandstand-in-mumbai-113834.html,Sunteck's New Luxury Projects At Nepean Sea & Bandra- Bandstand In Mumbai,Realty Plus Magazine,"Jan 30, 2024","Sunteck Realty Limited, a Mumbai-based premium luxury real estate 
developer, is set to enter two of Mumbai's most exclusive and 
sought-after...",https://serpapi.com/searches/66afbe9aea1442f033889945/images/f3ceadc945fea318d28a1f21483969a8e4e734ef34b10f426d71309d6f692a63.png
10,https://housing.com/news/inside-sachin-tendulkars-lavish-homes-in-mumbai/,Inside Sachin Tendulkar’s lavish home in Mumbai,Housing,"May 7, 2024","All you need to know about master-blaster Sachin Tendulkar and his wife 
Anjali Tendulkar's homes in Mumbai's Bandra west and BKC.",https://serpapi.com/searches/66afbe9aea1442f033889945/images/f3ceadc945fea3183a78cad2ed9fa4a09e9ed7f62ee2cc969e9731191e77fd41.jpeg
1,https://housing.com/news/puravankara-to-redevelop-residential-project-in-pali-hill-bandra/,"Puravankara to redevelop residential project in Pali Hill, Bandra",Housing,"Apr 24, 2024","The residential society to be redeveloped is spread slightly over two and a 
half acre. Check out the details.",https://serpapi.com/searches/66afbe9b95bf92fcdeff43c9/images/2961527e649fe818c8cc6e6505088ce289659e93a53824df0949da150833eb6e.jpeg
2,https://housing.com/news/inside-sushant-singh-rajputs-house/,Sushant Singh Rajput House in Bandra,Housing,"Dec 4, 2023","Sushant Singh Rajput residence was a beautiful Bandra, Mumbai apartment. In 
this article, we under details of Sushant Singh Rajput's house.",https://serpapi.com/searches/66afbe9b95bf92fcdeff43c9/images/2961527e649fe818a3c57b564db804d5fc4bacd23311ff81f67a7b75fb8213d1.jpeg
3,https://www.constructionweekonline.in/projects-tenders/shapoorji-pallonji-real-estate-announces-bkc-9-a-project-financed-by-wsb-fund-ii,"Shapoorji Pallonji Real Estate announces BKC 9, a project financed by WSB Fund II",Construction Week India,"Feb 6, 2024","Anticipates revenue exceeding Rs 250 crore. Shapoorji Pallonji Real Estate 
announces BKC 9, a project financed by WSB Fund II. Bandra East...",https://serpapi.com/searches/66afbe9b95bf92fcdeff43c9/images/2961527e649fe8186109c42b41e0d70b318a38a7c08dda1d81869a627f763f2f.jpeg
4,https://housing.com/news/shapoorji-pallonji-raises-rs-55-cr-to-finance-new-project-in-mumbai/,Shapoorji Pallonji raises Rs 55 cr to finance new project in Mumbai,Housing,"Feb 6, 2024","Shapoorji Pallonji Real Estate raises Rs 55 crore to finance new luxury 
housing project in Mumbai; BKC 9 at Bandra East will offer 92...",https://serpapi.com/searches/66afbe9b95bf92fcdeff43c9/images/2961527e649fe818473aec068188a24f1ac3a9319d1a4f82b845c8ab0b540fe7.jpeg
5,https://timesofindia.indiatimes.com/city/mumbai/salman-khan-to-build-19-floor-hotel-in-bandra/articleshow/100367077.cms,Salman Khan to build 19-floor hotel in Bandra,Times of India,"May 20, 2023","The city's lucrative real estate market has always been a safe haven for 
Bollywood bigwigs to invest their millions and buy marquee...",https://serpapi.com/searches/66afbe9b95bf92fcdeff43c9/images/2961527e649fe8185634931f6ce2e2528463bf41971ef5d31258f72cf261a79f.jpeg
6,https://housing.com/news/msrdc-eyes-rs-8000-cr-from-development-of-bandra-reclamation-land/,"MSRDC eyes Rs 8,000 cr from Bandra Reclamation land development",Housing,"Jan 11, 2024","This land parcel is slated for development, and MSRDC is actively seeking a 
construction/development agency to lead this project.",https://serpapi.com/searches/66afbe9b95bf92fcdeff43c9/images/2961527e649fe8189dafaab05c6ad4a470e0948b488126dfd91be04c949de215.jpeg
7,https://housing.com/news/mumbai-metro-line-3/,"Mumbai Metro Line 3: Aqua Line route, stations, map",Housing,1 month ago,"Mumbai Metro Line 3 is also known as the Aqua Line. Check out details, such 
as its route, stations, etc., in this guide.",https://serpapi.com/searches/66afbe9b95bf92fcdeff43c9/images/2961527e649fe8185015aee392ac27933c8d6ff4f9807e81b0ba54dce8683bbc.jpeg
8,https://www.moneycontrol.com/news/business/real-estate/raymond-realty-to-launch-6-lakh-sqft-housing-project-in-mumbai-by-fy24-end-ceo-harmohan-sahni-11235031.html,"Raymond Realty targets Rs 2,000 crore revenue from Mumbai project launch by FY24 end: CEO Harmohan Sahni",Moneycontrol,"Aug 22, 2023","Raymond Realty plans to launch a premium 2,3,4 BHK apartments project in 
the Bandra micro-market in Mumbai and is targeting a topline of Rs...",https://serpapi.com/searches/66afbe9b95bf92fcdeff43c9/images/2961527e649fe818d7845f5796733c9d7916ce72c8583468799cbb94cb1f8c6f.jpeg
9,https://www.timesnownews.com/mumbai/atal-setu-to-bandra-worli-sea-link-top-engineering-marvels-in-mumbai-article-106747459,Atal Setu to Bandra Worli Sea Link: Top Engineering Marvels in Mumbai,Times Now,"Jan 12, 2024","Prime Minister Narendra Modi inaugurated the Mumbai Trans Harbour Link 
(MTHL) on January 12, heralding a new era for Mumbai's real estate...",https://serpapi.com/searches/66afbe9b95bf92fcdeff43c9/images/2961527e649fe818a4209ad5b67299be6768cec28ddfe82eee914fdc2267f3ce.jpeg
10,https://www.propnewstime.com/getdetailsStories/ODE2NQ==/paradigm-realty-takes-up-redevelopment-projects-bandra-and-kandivali-worth-over-inr-4-500-crores,"Paradigm Realty takes up redevelopment projects Bandra and Kandivali worth over INR 4,500 crores",Prop News Time,1 month ago,"Paradigm Realty initiates a transformative INR 4500 crore redevelopment 
project in Mumbai's Bandra and Kandivali, upgrading 11 housing...",https://serpapi.com/searches/66afbe9b95bf92fcdeff43c9/images/2961527e649fe8184df502d5b61b1241dffd57f611de7a208730174216dda755.jpeg
1,https://housing.com/news/sonakshi-sinha-buys-bandra-apartment-for-rs-11-crore/,Sonakshi Sinha buys Bandra apartment for Rs 11 crore,Housing,"Sep 18, 2023","Spread over 4200 sqft, Sonakshi Sinha's new sea-facing apartment is on the 
26th floor of 81 Aureate, Bandra Reclamation, Bandra (W).",https://serpapi.com/searches/66afbe9c5c1059140ac26662/images/196903f9c0b81b9643b9bad8f1ef9ccd60ad186a15baec71316b03f2001127bf.jpeg
2,https://timesproperty.com/news/post/corporate-executives-buying-houses-in-bandra-blid3822,Look at the Latest Sale of Properties in Bandra,Times Property,"Feb 5, 2023","1. Directors of DV AUTO FINANCE PRIVATE LIMITED Yuti Kunal Jhaveri and 
Kunal Ashok Jhaveri have purchased a unit in the Imperial Towers by...",https://serpapi.com/searches/66afbe9c5c1059140ac26662/images/196903f9c0b81b9613631f44ea55e61671ad143672601690f43c4f23e097be03.jpeg
3,https://www.moneycontrol.com/news/business/the-rise-and-rise-of-bandra-mumbais-most-vibrant-piece-of-real-estate-5861851.html,The rise and rise of Bandra: Mumbai’s most vibrant piece of real estate,Moneycontrol,"Sep 20, 2020","Mumbai's best success story of the last decade, Bandra is up against the 
coronavirus that threatens to alter the dynamics of city living.",https://serpapi.com/searches/66afbe9c5c1059140ac26662/images/196903f9c0b81b9644aa7a9f2b9b0b739b535ccba4b31c46fb99a039fe985bf5.jpeg
4,https://www.hindustantimes.com/cities/mumbai-news/ranveer-singh-to-become-srk-s-neighbour-finalises-119-crore-real-estate-deal-101657457498377.html,"Ranveer Singh to become SRK’s neighbour, finalises ₹119 crore real estate deal",Hindustan Times,"Jul 10, 2022","This new deal will not only give them an uninterrupted view of the Arabian 
Sea from Bandstand, it will also make them Bollywood superstar...",https://serpapi.com/searches/66afbe9c5c1059140ac26662/images/196903f9c0b81b9643b60bdbf2ab555a23e0cc8c97eff36164298e9b94223cf1.jpeg
5,https://www.livemint.com/money/personal-finance/sonam-kapoor-s-flat-sale-sparks-discussion-if-real-estate-gives-return-does-it-11672944274981.html,Sonam Kapoor's Bandra flat sale sparks discussion on whether real estate gives return. Does it? | Mint,mint,"Jan 6, 2023","Bollywood actress Sonam Kapoor who bought her Bandra-Kurla Complex home in 
Mumbai in 2015 sold it on December 29, 2022, for over ₹32 crore.",https://serpapi.com/searches/66afbe9c5c1059140ac26662/images/196903f9c0b81b962e4b1d495c249d077811268937dd230a0202035537ad184b.jpeg
6,https://www.moneycontrol.com/news/business/real-estate/luxury-homes-ashar-group-to-redevelop-bungalow-of-bollywood-superstar-dilip-kumar-in-mumbais-bandra-eyes-rs-850-crore-revenue-11083911.html,"Luxury homes: Ashar Group to redevelop bungalow of Bollywood superstar Dilip Kumar in Mumbai’s Bandra,...",Moneycontrol,"Aug 2, 2023","The exclusive luxury homes in Mumbai's upmarket Pali Hill will target high 
networth individuals such as film personalities, sports people...",https://serpapi.com/searches/66afbe9c5c1059140ac26662/images/196903f9c0b81b96b2a1a8587e627869e5c5ca6338d7eb1119652e98e077e047.jpeg
7,https://indianexpress.com/article/cities/mumbai/bollywood-actor-alia-bhatt-rs-37-8-crore-flat-bandras-pali-hill-8574471/,Bollywood actor Alia Bhatt bought Rs 37.8-crore flat in Bandra’s Pali Hill,The Indian Express,"Apr 25, 2023","The actor purchased the property from Gold Street Mercantile Company Pvt 
Ltd and paid a stamp duty of Rs 2.26 crore.",https://serpapi.com/searches/66afbe9c5c1059140ac26662/images/196903f9c0b81b9699b6e2cc7dc7d3846ac8ae1feccde0250632ebbb6de010f3.jpeg
8,https://timesofindia.indiatimes.com/city/mumbai/film-producer-buys-3-pali-hill-flats-for-rs-103cr/articleshow/102259143.cms,Mumbai film producer buys 3 Pali Hill flats for Rs 103 crore,Times of India,"Jul 31, 2023","In a big-ticket deal, film producer and director Dinesh Vijan of 'Stree' 
fame has booked three apartments in an under-construction...",https://serpapi.com/searches/66afbe9c5c1059140ac26662/images/196903f9c0b81b964fc8e3730567508b0a2e2ae7dae7f310075086cd1edc4602.jpeg
9,https://www.timesnownews.com/entertainment-news/jacqueline-fernandez-buys-new-house-in-mumbais-bandra-watch-video-of-plush-property-bollywood-news-article-101430389,Jacqueline Fernandez Buys New House In Mumbai's Bandra. Watch Video Of Plush Property,Times Now,"Jul 2, 2023","Bollywood actress Jacqueline Fernandez has reportedly bought a new house in 
Mumbai's plush locality Bandra West. The video of the luxurious...",https://serpapi.com/searches/66afbe9c5c1059140ac26662/images/196903f9c0b81b9674f539a883e348ffac96e91c0a8f07906bb3023b2f5b91bc.jpeg
10,https://www.moneycontrol.com/news/business/real-estate/tata-communications-leases-office-space-to-hinduja-realty-in-bandra-kurla-complex-in-mumbai-10916541.html,Tata Communications leases office space to Hinduja Realty in Bandra Kurla Complex in Mumbai,Moneycontrol,"Jul 6, 2023","The Hinduja Group's property arm, Hinduja Realty Ventures, has leased an 
office space from Tata Communications Limited in what is perhaps...",https://serpapi.com/searches/66afbe9c5c1059140ac26662/images/196903f9c0b81b96918bcdb69a782ebdf86f927fb20a7cd5e4b2a0924dd6c7b7.jpeg
1,https://housing.com/news/dinesh-vijan-buys-apartments-in-rustomjee-parishram-for-rs-103-crore/,Dinesh Vijan buys duplex apartment in Rustomjee Parishram for Rs 103 crore,Housing,"Aug 1, 2023","Located on the 15th and 16th floor of the under-construction building, the 
property has a carpet area of 7791 sqft.",https://serpapi.com/searches/66afbe9f116a55a0c97c79ee/images/2329a6dab990b81e4eda55a7f07b0288799fb5aeebe11513179876360cbfc91e.jpeg
2,https://housing.com/news/alia-bhatts-production-house-buys-property-in-bandra/,Alia Bhatt’s production house buys property in Bandra,Housing,"Apr 25, 2023","Registered on April 10, 2023, the deed attracted stamp duty of Rs 2.26 
crore for the Bandra property.",https://serpapi.com/searches/66afbe9f116a55a0c97c79ee/images/2329a6dab990b81e9a760dc709b1e8c4eb9d29f0242cc292a8ba6a8fdcf712e8.jpeg
3,https://housing.com/news/karan-johar-house/,Inside Karan Johar’s lavish duplex in Mumbai,Housing,"Jul 14, 2023","The house, located at Bandra's Carter Road, has a sprawling area of 8000 
sqft.",https://serpapi.com/searches/66afbe9f116a55a0c97c79ee/images/2329a6dab990b81e01f19676282a832ade66143350da92aacb35b034db847b40.jpeg
4,https://housing.com/news/salman-khans-family-to-develop-19-storey-hotel-in-bandra/,Salman Khan’s family to develop 19-storey hotel in Bandra,Housing,"May 22, 2023","May 22, 2023: Actor Salman Khan's family plans to build a 19-storey hotel 
at Carter Road, Bandra, Mumbai, as mentioned in a TOI report.",https://serpapi.com/searches/66afbe9f116a55a0c97c79ee/images/2329a6dab990b81e943f96602ae107e31a6880d182843aaa68ec100aad0e2753.jpeg
5,https://www.bollywoodlife.com/news-gossip/alia-bhatt-makes-big-investments-in-bandra-real-estate-gifts-sister-shaheen-flats-worth-rs-7-68-crores-entertainment-news-2411387/,Alia Bhatt makes big investments in Bandra real estate; gifts sister Shaheen flats worth Rs 7.68 crores,Bollywood Life,"Apr 24, 2023","Alia Bhatt is known to be a shrew investor. The actress has big investments 
in Bandra real estate as per reports, and also gifted sister...",https://serpapi.com/searches/66afbe9f116a55a0c97c79ee/images/2329a6dab990b81e5f5ad3c001ad7febf6ddc70c00792de82fcb0d5b4d3e4526.jpeg
6,https://www.moneycontrol.com/news/business/real-estate/saif-ali-khan-rents-apartment-for-rs-3-5-lakh-in-mumbais-bandra-7335411.html,Saif Ali Khan rents apartment for Rs 3.5 lakh in Mumbai’s Bandra,Moneycontrol,"Aug 15, 2021","The monthly rent for the first year is Rs 3.5 lakh, Rs 3.67 lakh for the 
second year and Rs 3.87 to August 19, 2024, the registration...",https://serpapi.com/searches/66afbe9f116a55a0c97c79ee/images/2329a6dab990b81eca80967c646b7404b79f8f43d7f7e8f6bb0a476ae79b6fba.jpeg
7,https://housing.com/news/bandra-west-mumbais-first-lifestyle-suburb/,Bandra west: Mumbai’s first lifestyle suburb,Housing,"Nov 24, 2022","Is Bandra west a posh locality? Yes, the lifestyle and amenities in and 
around Bandra west and price of properties in this locality, make it a...",https://serpapi.com/searches/66afbe9f116a55a0c97c79ee/images/2329a6dab990b81e8f36a480988bc03896ddd10ae7ba6907bc72cd5c9f55be84.jpeg
8,https://housing.com/news/a-house-to-match-his-personality-arjun-kapoors-pride-and-joy/,Arjun Kapoor house: A match to his personality,Housing,"Jul 21, 2022","Arjun Kapoor house: Know more about Arjun Kapoor house in Juhu and the 
property he sold in Bandra recently.",https://serpapi.com/searches/66afbe9f116a55a0c97c79ee/images/2329a6dab990b81ef56fc4ace53fbb4643515942de7ff7c6cbfa87f5d8d8006b.jpeg
9,https://housing.com/news/farhan-akhtar-home/,Farhan Akhtar’s home: A combination of luxury and aesthetics,Housing,"Dec 27, 2021","Some key aspects of Farhan Akhtar's home include: Farhan Akhtar house 
Bandra is named 'Vipassana'. It is situated along Bandra Bandstand and...",https://serpapi.com/searches/66afbe9f116a55a0c97c79ee/images/2329a6dab990b81efe2ac25ca6efd8d2a3b73b69b6eb68b29600e482f8670284.jpeg
10,https://timesofindia.indiatimes.com/tv/news/hindi/karan-kundrra-buys-a-flat-for-14-crore-in-bandra-exclusive/articleshow/91696239.cms,Karan Kundrra buys a flat for ₹14 crore in Bandra - Exclusive!,Times of India,"May 21, 2022","... have reason to celebrate, as Karan has fulfilled a lifelong dream. The 
young star has just bought a swanky new apartment in Bandra for a...",https://serpapi.com/searches/66afbe9f116a55a0c97c79ee/images/2329a6dab990b81eb5bf109209c5e10acfc08b99fca215f9615e61c7900b9e1c.jpeg
1,https://timesofindia.indiatimes.com/entertainment/hindi/bollywood/news/sushant-singh-rajputs-bandra-home-finds-prospective-tenants-after-over-2-5-years/articleshow/96770549.cms,Sushant Singh Rajput’s Bandra home finds prospective tenants after over 2.5 years,Times of India,"Jan 6, 2023","Sushant Singh Rajput's sea-facing house, Mont Blanc, on Carter Road in 
Bandra West, which has been unoccupied since his demise on June 14,...",https://serpapi.com/searches/66afbea0cace96458a95ce6e/images/12e2d5cfa608b830c2afe553cb36e6098b0490089361b36635614da29f155b25.jpeg
2,https://housing.com/news/dinesh-vijan-buys-apartments-in-rustomjee-parishram-for-rs-103-crore/,Dinesh Vijan buys duplex apartment in Rustomjee Parishram for Rs 103 crore,Housing,"Aug 1, 2023","Located on the 15th and 16th floor of the under-construction building, the 
property has a carpet area of 7791 sqft.",https://serpapi.com/searches/66afbea0cace96458a95ce6e/images/12e2d5cfa608b830c35af08b98d423d7e45bca88535bf16256c17448133422f0.jpeg
3,https://housing.com/news/karan-johar-house/,Inside Karan Johar’s lavish duplex in Mumbai,Housing,"Jul 14, 2023","The house, located at Bandra's Carter Road, has a sprawling area of 8000 
sqft.",https://serpapi.com/searches/66afbea0cace96458a95ce6e/images/12e2d5cfa608b830dae2e379b997b3e7aa88b9ed7b0db1a1ab30b01d02348be3.jpeg
4,https://housing.com/news/alia-bhatts-production-house-buys-property-in-bandra/,Alia Bhatt’s production house buys property in Bandra,Housing,"Apr 25, 2023","Registered on April 10, 2023, the deed attracted stamp duty of Rs 2.26 
crore for the Bandra property.",https://serpapi.com/searches/66afbea0cace96458a95ce6e/images/12e2d5cfa608b830d5c709c4e45b4de2bb2df5ae7527f3969858805ec80d0a59.jpeg
5,https://housing.com/news/salman-khans-family-to-develop-19-storey-hotel-in-bandra/,Salman Khan’s family to develop 19-storey hotel in Bandra,Housing,"May 22, 2023","May 22, 2023: Actor Salman Khan's family plans to build a 19-storey hotel 
at Carter Road, Bandra, Mumbai, as mentioned in a TOI report.",https://serpapi.com/searches/66afbea0cace96458a95ce6e/images/12e2d5cfa608b830aed8c6cbdfbc4cbde7c81dc3cbf9f5809907c33bcefc5e2d.jpeg
6,https://www.bollywoodlife.com/news-gossip/alia-bhatt-makes-big-investments-in-bandra-real-estate-gifts-sister-shaheen-flats-worth-rs-7-68-crores-entertainment-news-2411387/,Alia Bhatt makes big investments in Bandra real estate; gifts sister Shaheen flats worth Rs 7.68 crores,Bollywood Life,"Apr 24, 2023","Alia Bhatt is known to be a shrew investor. The actress has big investments 
in Bandra real estate as per reports, and also gifted sister...",https://serpapi.com/searches/66afbea0cace96458a95ce6e/images/12e2d5cfa608b830a249bf81d0f3619379364ae1ffe984a5508ff29196c5c881.jpeg
7,https://www.moneycontrol.com/news/business/real-estate/saif-ali-khan-rents-apartment-for-rs-3-5-lakh-in-mumbais-bandra-7335411.html,Saif Ali Khan rents apartment for Rs 3.5 lakh in Mumbai’s Bandra,Moneycontrol,"Aug 15, 2021","The monthly rent for the first year is Rs 3.5 lakh, Rs 3.67 lakh for the 
second year and Rs 3.87 to August 19, 2024, the registration...",https://serpapi.com/searches/66afbea0cace96458a95ce6e/images/12e2d5cfa608b830970f34e7c8fed1e5d646625a6e6ca2cccb38e3c8f42e4ee0.jpeg
8,https://housing.com/news/a-house-to-match-his-personality-arjun-kapoors-pride-and-joy/,Arjun Kapoor house: A match to his personality,Housing,"Jul 21, 2022","Arjun Kapoor house: Know more about Arjun Kapoor house in Juhu and the 
property he sold in Bandra recently.",https://serpapi.com/searches/66afbea0cace96458a95ce6e/images/12e2d5cfa608b830c66823c7eabff75fef01d2162fe6cddd71e1a3d7626044e3.jpeg
9,https://housing.com/news/farhan-akhtar-home/,Farhan Akhtar’s home: A combination of luxury and aesthetics,Housing,"Dec 27, 2021","Some key aspects of Farhan Akhtar's home include: Farhan Akhtar house 
Bandra is named 'Vipassana'. It is situated along Bandra Bandstand and...",https://serpapi.com/searches/66afbea0cace96458a95ce6e/images/12e2d5cfa608b830ad6b9f8a2329eaa32004bfa02bda729fc4f747cf5e2b63fd.jpeg
10,https://timesofindia.indiatimes.com/tv/news/hindi/karan-kundrra-buys-a-flat-for-14-crore-in-bandra-exclusive/articleshow/91696239.cms,Karan Kundrra buys a flat for ₹14 crore in Bandra - Exclusive!,Times of India,"May 21, 2022","... have reason to celebrate, as Karan has fulfilled a lifelong dream. The 
young star has just bought a swanky new apartment in Bandra for a...",https://serpapi.com/searches/66afbea0cace96458a95ce6e/images/12e2d5cfa608b8302ce65f40eafdb019ba18b1f3f7d1905856098673533ee63d.jpeg
1,https://housing.com/news/sanjay-dutt-house/,"Sanjay Dutt’s Mumbai house: Class, sophistication and more",Housing,"Feb 23, 2021","Sanjay Dutt's home in Pali Hill is a lavish apartmnet, decked up with 
sophisticated interiors. Check out inside pictures of Sanjay...",https://serpapi.com/searches/66afbea279627cf85048179e/images/63e33349ca796fe7f6ef26fe3131c6b9eaf1b89cee067becfe086b1131ac5f1c.jpeg
2,https://www.freepressjournal.in/mumbai/mhada-eyeing-3-projects-in-kalachowki-worli-bandra-reclamation-to-rev-up-real-estate-business-in-mumbai,"MHADA eyeing 3 projects in Kalachowki, Worli & Bandra Reclamation to rev up real estate business in Mumbai",Free Press Journal,"Feb 10, 2023","The housing body has suggested the cluster redevelopment of Abhyudaya Nagar 
at Kalachowkie, Adarsh Nagar in Worli and the Bandra Reclamation...",https://serpapi.com/searches/66afbea279627cf85048179e/images/63e33349ca796fe700e711072395dff77797fab128c77b4d75ff849bc51044f7.jpeg
3,https://housing.com/news/rekha-house/,All about Bollywood’s evergreen diva Rekha’s house in Mumbai,Housing,"Jan 3, 2023","Rekha house: Know all about Rekha's Bungalow in Bandra including the 
different spaces in Rekha home for yoga and gardening.",https://serpapi.com/searches/66afbea279627cf85048179e/images/63e33349ca796fe731855116aff10d1fc41050b0655822f88635f47e0b9f6bd8.jpeg
4,https://www.dnaindia.com/bollywood/report-sushant-singh-rajput-s-bandra-flat-not-getting-tenants-mumbai-real-estate-agent-reveals-the-truth-3010347,Sushant Singh Rajput's Bandra flat not getting tenants? Mumbai real estate agent reveals the truth,DNA India,"Dec 13, 2022","If you think the real reason behind the SSR flat being vacant is due to the 
controversial death of the actor, then you are wrong.",https://serpapi.com/searches/66afbea279627cf85048179e/images/63e33349ca796fe71cb3d315212fcbde24d70c68d92f313eaa7be3281725041d.jpeg
5,https://www.zeebiz.com/india/real-estate/news-rs-119-cr-ranveer-singhs-new-bandstand-house-in-bandra-west-of-mumbai-19-parking-lots-rs-7-cr-stamp-duty-11266-sq-ft-space-and-more-189280,"Rs 119 cr! Ranveer Singhs New Bandstand House In Bandra West of Mumbai - 19 parking lots, Rs 7 cr stamp dut...",Zee Business,"Jul 12, 2022","The actor has bought the apartment spread across floors 16, 17, 18 and 19 
of Sagar Resham, a building at Bandstand in the close vicinity of...",https://serpapi.com/searches/66afbea279627cf85048179e/images/63e33349ca796fe77c56adce1090765ad29c6ae9d0b9a9c8bd099ea6761dec79.jpeg
6,https://housing.com/news/10-trendiest-cafes-in-bandra/,10 trendiest cafes in Bandra,Housing,"Jul 11, 2023","There are a lot of cafes in Bandra that you can visit to try delicious food 
and beverages.",https://serpapi.com/searches/66afbea279627cf85048179e/images/63e33349ca796fe7fea5f1c0dd2cbec69ffd8c19484c3307733328e4359efc91.jpeg
7,https://housing.com/news/joggers-park-mumbai/,Jogger’s Park Mumbai: Visitor’s guide,Housing,"Jun 26, 2023","Inaugurated on May 27,1990, the Jogger's Park in Mumbai's Bandra offers 
free entry through the week, to all visitors.",https://serpapi.com/searches/66afbea279627cf85048179e/images/63e33349ca796fe7e9362d29bdbeb21bf5f31cf6713d3ee20556216cb5ec1bb1.jpeg
8,https://housing.com/news/mithun-chakraborty-house/,All about Mithun Chakraborty’s sprawling Mumbai bungalow,Housing,"Sep 29, 2021","Mithun Chakraborty or Mithun Da to most people, is one of Bollywood and 
India's biggest superstars. The original 'Disco Dancer',...",https://serpapi.com/searches/66afbea279627cf85048179e/images/63e33349ca796fe7d333935d27d732c86a19779aa9ea8398757fba7de9a04c68.jpeg
9,https://housing.com/news/rajesh-khannas-mumbai-bungalow-aashirwad/,Late Rajesh Khanna’s Mumbai bungalow: Where history meets nostalgia,Housing,"Apr 6, 2021","Late Rajesh Khanna's 6,500 sq. ft. sea-facing landmark bungalow 'Aashirwad' 
in Bandra was bought by him from another Bollywood legend...",https://serpapi.com/searches/66afbea279627cf85048179e/images/63e33349ca796fe797797020308ec6e45f2c3e224d745876dfb23708587e40ef.jpeg
10,https://timesofindia.indiatimes.com/city/mumbai/japanese-mnc-bids-record-rs-2238-crore-for-three-acre-bkc-plot/articleshow/69935512.cms,"Japanese MNC bids record Rs 2,238 crore for three-acre BKC plot",Times of India,"Jun 25, 2019","Japanese conglomerate Sumitomo has shaken Mumbai's dormant property market 
by submitting a whopping bid of Rs 2238 crore for a three-acre...",https://serpapi.com/searches/66afbea279627cf85048179e/images/63e33349ca796fe7acc034b75b1aaf32c951dc015ff8cabe0499cc5db935c293.jpeg
